{"time/training": 0.2093033790588379, "training/train_loss_mean": 0.028529081866145133, "training/train_loss_std": 0.0021882053610710315, "training/action_error": 0.025748683139681816, "test-evaluation/cheetah_dir-0_target_1500_return_mean": 681.766809652831, "test-evaluation/cheetah_dir-0_target_1500_return_std": 30.788269758568674, "test-evaluation/cheetah_dir-1_target_1500_return_mean": 1200.9156985905258, "test-evaluation/cheetah_dir-1_target_1500_return_std": 43.45935429336288, "time/evaluation": 38.41191339492798, "train-evaluation/cheetah_dir-0_target_1500_return_mean": 663.6304956249083, "train-evaluation/cheetah_dir-0_target_1500_return_std": 29.604690090006986, "train-evaluation/cheetah_dir-1_target_1500_return_mean": 1193.4203065135462, "train-evaluation/cheetah_dir-1_target_1500_return_std": 42.92689502981892, "global_step": 4999, "_timestamp": 1721694018.5466547, "_runtime": 3477.4436247348785, "_step": 4999, "_wandb": {"runtime": 3476}}