{"time/training": 0.29817986488342285, "train-evaluation/cheetah_dir-0_target_1500_return_std": 153.65489686931167, "training/train_loss_mean": 0.029220953397452832, "test-evaluation/cheetah_dir-1_target_1500_return_mean": 1182.2527987011265, "training/action_error": 0.03096488118171692, "train-evaluation/cheetah_dir-1_target_1500_return_mean": 1185.030020188504, "_timestamp": 1721688179.1441004, "_runtime": 3934.3621711730957, "_step": 4799, "time/evaluation": 46.23360300064087, "train-evaluation/cheetah_dir-1_target_1500_return_std": 40.926765172431985, "test-evaluation/cheetah_dir-1_target_1500_return_std": 45.00003561351191, "test-evaluation/cheetah_dir-0_target_1500_return_std": 41.321848819855546, "train-evaluation/cheetah_dir-0_target_1500_return_mean": -1237.7175208239503, "test-evaluation/cheetah_dir-0_target_1500_return_mean": -1256.414592496497, "global_step": 4799, "training/train_loss_std": 0.0016692285622917431}
