{"_timestamp": 1721689483.210873, "test-evaluation/cheetah_dir-1_target_1500_return_mean": 531.1310394383214, "training/train_loss_std": 0.005918698966909444, "training/train_loss_mean": 0.057802753522992134, "_step": 851, "test-evaluation/cheetah_dir-0_target_1500_return_mean": 555.6816075946392, "training/action_error": 0.05441246181726456, "time/training": 0.291731595993042, "_runtime": 737.8375704288483, "train-evaluation/cheetah_dir-0_target_1500_return_mean": 439.3358944224565, "train-evaluation/cheetah_dir-1_target_1500_return_std": 324.9791618569576, "global_step": 851, "test-evaluation/cheetah_dir-0_target_1500_return_std": 38.92668612114443, "time/evaluation": 40.9220027923584, "train-evaluation/cheetah_dir-0_target_1500_return_std": 99.67491306193313, "train-evaluation/cheetah_dir-1_target_1500_return_mean": 242.758770891395, "test-evaluation/cheetah_dir-1_target_1500_return_std": 415.6055885301378}
