{"time/training": 1.6721327304840088, "training/train_loss_mean": 0.0325238049030304, "training/train_loss_std": 0.0010549388169313646, "training/action_error": 0.033291347324848175, "test-evaluation/cheetah_vel-2_target_0_return_mean": -51.39407066145563, "test-evaluation/cheetah_vel-2_target_0_return_std": 5.724726668263875, "test-evaluation/cheetah_vel-7_target_0_return_mean": -18.879709322838533, "test-evaluation/cheetah_vel-7_target_0_return_std": 0.8297164895602651, "test-evaluation/cheetah_vel-15_target_0_return_mean": -34.60927674545441, "test-evaluation/cheetah_vel-15_target_0_return_std": 33.58801910850378, "test-evaluation/cheetah_vel-23_target_0_return_mean": -34.69025188563347, "test-evaluation/cheetah_vel-23_target_0_return_std": 3.975376344940407, "test-evaluation/cheetah_vel-26_target_0_return_mean": -49.85677243373328, "test-evaluation/cheetah_vel-26_target_0_return_std": 6.555006684611481, "time/evaluation": 98.99536681175232, "train-evaluation/cheetah_vel-0_target_0_return_mean": -35.567143447728974, "train-evaluation/cheetah_vel-0_target_0_return_std": 2.0649661753806967, "train-evaluation/cheetah_vel-1_target_0_return_mean": -50.353273434756204, "train-evaluation/cheetah_vel-1_target_0_return_std": 0.4606044492994378, "train-evaluation/cheetah_vel-3_target_0_return_mean": -20.846347260761963, "train-evaluation/cheetah_vel-3_target_0_return_std": 18.958558672935055, "train-evaluation/cheetah_vel-4_target_0_return_mean": -21.577662975709096, "train-evaluation/cheetah_vel-4_target_0_return_std": 17.00551788450063, "train-evaluation/cheetah_vel-5_target_0_return_mean": -13.886945381295691, "train-evaluation/cheetah_vel-5_target_0_return_std": 3.3307660790586717, "train-evaluation/cheetah_vel-6_target_0_return_mean": -10.851016857805654, "train-evaluation/cheetah_vel-6_target_0_return_std": 4.675039112984431, "train-evaluation/cheetah_vel-8_target_0_return_mean": -21.430584843345983, "train-evaluation/cheetah_vel-8_target_0_return_std": 2.24160113639454, "train-evaluation/cheetah_vel-9_target_0_return_mean": -46.95709344011399, "train-evaluation/cheetah_vel-9_target_0_return_std": 53.013298889013974, "train-evaluation/cheetah_vel-10_target_0_return_mean": -22.710426055726067, "train-evaluation/cheetah_vel-10_target_0_return_std": 2.402625449450658, "train-evaluation/cheetah_vel-11_target_0_return_mean": -19.831114465323612, "train-evaluation/cheetah_vel-11_target_0_return_std": 1.003134693601794, "train-evaluation/cheetah_vel-12_target_0_return_mean": -41.106692365457086, "train-evaluation/cheetah_vel-12_target_0_return_std": 36.118014121124446, "train-evaluation/cheetah_vel-13_target_0_return_mean": -160.77142205488926, "train-evaluation/cheetah_vel-13_target_0_return_std": 36.651459736177664, "train-evaluation/cheetah_vel-14_target_0_return_mean": -26.504608351756502, "train-evaluation/cheetah_vel-14_target_0_return_std": 4.5878758006988045, "train-evaluation/cheetah_vel-16_target_0_return_mean": -36.094553893842, "train-evaluation/cheetah_vel-16_target_0_return_std": 2.926210480001352, "train-evaluation/cheetah_vel-17_target_0_return_mean": -44.928067147517986, "train-evaluation/cheetah_vel-17_target_0_return_std": 34.54967016524341, "train-evaluation/cheetah_vel-18_target_0_return_mean": -61.07289382422447, "train-evaluation/cheetah_vel-18_target_0_return_std": 80.53197780209291, "train-evaluation/cheetah_vel-19_target_0_return_mean": -35.944970474317465, "train-evaluation/cheetah_vel-19_target_0_return_std": 54.05978280779745, "train-evaluation/cheetah_vel-20_target_0_return_mean": -20.342286487771574, "train-evaluation/cheetah_vel-20_target_0_return_std": 2.386171135057022, "train-evaluation/cheetah_vel-21_target_0_return_mean": -23.090829295120585, "train-evaluation/cheetah_vel-21_target_0_return_std": 6.842745331131039, "train-evaluation/cheetah_vel-22_target_0_return_mean": -30.706470992216527, "train-evaluation/cheetah_vel-22_target_0_return_std": 2.7102586569522167, "train-evaluation/cheetah_vel-24_target_0_return_mean": -35.04847468559896, "train-evaluation/cheetah_vel-24_target_0_return_std": 2.1817647478281215, "train-evaluation/cheetah_vel-25_target_0_return_mean": -88.63558989086341, "train-evaluation/cheetah_vel-25_target_0_return_std": 88.78344685550155, "train-evaluation/cheetah_vel-27_target_0_return_mean": -39.02780612829143, "train-evaluation/cheetah_vel-27_target_0_return_std": 3.869168680106922, "train-evaluation/cheetah_vel-28_target_0_return_mean": -36.013957415088186, "train-evaluation/cheetah_vel-28_target_0_return_std": 4.892145047513558, "train-evaluation/cheetah_vel-29_target_0_return_mean": -36.26414638008812, "train-evaluation/cheetah_vel-29_target_0_return_std": 4.822117974359004, "train-evaluation/cheetah_vel-30_target_0_return_mean": -36.278850717517116, "train-evaluation/cheetah_vel-30_target_0_return_std": 4.191273839961837, "train-evaluation/cheetah_vel-31_target_0_return_mean": -41.638041842116074, "train-evaluation/cheetah_vel-31_target_0_return_std": 5.993118896838621, "train-evaluation/cheetah_vel-32_target_0_return_mean": -54.98067195432353, "train-evaluation/cheetah_vel-32_target_0_return_std": 5.6704531569656345, "train-evaluation/cheetah_vel-33_target_0_return_mean": -52.93851586138699, "train-evaluation/cheetah_vel-33_target_0_return_std": 2.836799116356875, "train-evaluation/cheetah_vel-34_target_0_return_mean": -64.24286464237302, "train-evaluation/cheetah_vel-34_target_0_return_std": 59.656805101510216, "train-evaluation/cheetah_vel-35_target_0_return_mean": -60.93721002254126, "train-evaluation/cheetah_vel-35_target_0_return_std": 8.32450663137288, "train-evaluation/cheetah_vel-36_target_0_return_mean": -55.99456627922146, "train-evaluation/cheetah_vel-36_target_0_return_std": 3.4224995799809377, "train-evaluation/cheetah_vel-37_target_0_return_mean": -72.84093126870351, "train-evaluation/cheetah_vel-37_target_0_return_std": 13.65902832361543, "train-evaluation/cheetah_vel-38_target_0_return_mean": -94.95622868284867, "train-evaluation/cheetah_vel-38_target_0_return_std": 7.811289054610774, "train-evaluation/cheetah_vel-39_target_0_return_mean": -61.50588106032654, "train-evaluation/cheetah_vel-39_target_0_return_std": 6.2221270205495065, "global_step": 3496, "_timestamp": 1721711865.3701804, "_runtime": 14983.39913225174, "_step": 3496, "_wandb": {"runtime": 14982}}